"","sample_id","MDS1","MDS2","d15N_anomaly_mean_1800_1850","mean_air_temp_degC_anomaly_combined","fish_present_binary_YN"
"1","BLRO20_0.5",-0.371218198181569,-1.03740278252493,-2.89605142168382,0.613333333333333,"Yes"
"2","BLRO20_1",-0.39214549186292,-0.831862190790024,-2.95418421968382,0.313333333333333,"Yes"
"3","BLRO20_1.5",-0.317619894872029,-0.600572754563559,-3.97928270031618,0.363333333333333,"Yes"
"4","BLRO20_10",0.139573826058934,0.130643730594379,-0.374983661683824,-0.632820512820513,"No"
"5","BLRO20_10.5",0.352988481889023,0.365539320726021,-0.397580288316177,-0.632820512820513,"No"
"6","BLRO20_11",0.17961589460172,0.20649109363984,0.182863642316176,-0.632820512820513,"No"
"7","BLRO20_11.5",0.414642823061648,0.381573154833523,0.243474959683823,-0.632820512820513,"No"
"8","BLRO20_12",0.260570202303083,0.23240199550556,0.0449022663161767,-0.632820512820513,"No"
"9","BLRO20_12.5",0.403672287478205,0.252963178080036,-0.483884660316177,-0.632820512820513,"No"
"10","BLRO20_13",0.240288806485068,0.303824790898854,0.195507434316176,-0.632820512820513,"No"
"11","BLRO20_13.5",0.270107225140115,0.280692367754327,-0.179509435316176,-0.632820512820513,"No"
"12","BLRO20_14",0.274726494333881,0.187403918806707,0.125286374316176,-0.632820512820513,"No"
"13","BLRO20_14.5",0.334670574927794,0.292815299907959,-0.155895768316176,-0.632820512820513,"No"
"14","BLRO20_15",0.389496138655879,0.362520786791044,0.160656982316176,-0.632820512820513,"No"
"15","BLRO20_15.5",0.296385529950148,0.364177927014141,-0.324136841316177,-0.632820512820513,"No"
"16","BLRO20_16",0.157223614304752,0.224759360792032,0.0559055663161763,-0.632820512820513,"No"
"17","BLRO20_16.5",0.415309427063271,0.308276318861332,-0.0678564323161766,-0.632820512820513,"No"
"18","BLRO20_2",-0.186666613765536,-0.488560294865838,-3.06610787568382,1.18833333333333,"Yes"
"19","BLRO20_2.5",-0.0770664821569632,-0.587724842158132,-3.21904370031618,1.01333333333333,"Yes"
"20","BLRO20_3",-0.134167155584242,-0.441855259815868,-2.67608959168382,0.413333333333333,"Yes"
"21","BLRO20_3.5",-0.0381212530028979,-0.409735561289902,-2.78447870031618,0.463333333333333,"Yes"
"22","BLRO20_4",0.0147766801614375,-0.390839203775318,-2.40213598468382,0.393333333333333,"Yes"
"23","BLRO20_4.5",0.0891950388819162,-0.406930584621863,-2.22636242031618,-0.243809523809524,"Yes"
"24","BLRO20_5",-0.0269317367241323,-0.318702751134599,-1.84354409768382,-0.386666666666667,"Yes"
"25","BLRO20_5.5",0.0699899696278502,-0.257047660724726,-1.76470964031618,-0.00888888888888895,"Yes"
"26","BLRO20_6",0.012751805536955,-0.108745525830032,-1.32707589668382,-0.164444444444444,"Yes"
"27","BLRO20_6.5",0.127928346972435,-0.0825000780959543,-0.931577660316177,-0.475555555555555,"No"
"28","BLRO20_7",-0.0107789301664433,-0.0244925816183546,-1.23002476468382,0.331515151515152,"No"
"29","BLRO20_7.5",0.291496302702629,0.156239021098789,-0.938268280316176,-0.103333333333333,"No"
"30","BLRO20_8",0.20455319697433,0.040476297391009,-0.833502265683824,-0.165238095238095,"No"
"31","BLRO20_8.5",0.166146582334646,0.0346383680832145,-0.772251816316177,-0.586666666666666,"No"
"32","BLRO20_9",0.202907612156589,0.162891397666756,-0.566021512683824,-0.911666666666667,"No"
"33","BLRO20_9.5",0.258494006323507,0.310178874789548,-0.281788640316177,-0.632820512820513,"No"
"34","BULL21_0.5",-0.236311701421902,-0.696976721933336,-2.0529499375,1.29666666666667,"Yes"
"35","BULL21_1",-0.21389301739517,-1.12441410473057,-2.1827809375,1.56333333333333,"Yes"
"36","BULL21_1.5",-0.159306250758653,-1.06145154860281,-3.0420341375,1.54666666666667,"Yes"
"37","BULL21_10",-0.027187553887445,-0.332762371926284,-0.7076870375,0.0109523809523809,"Yes"
"38","BULL21_10.5",0.0264000993900269,-0.465077478165345,-0.6696115375,0.153809523809524,"Yes"
"39","BULL21_11",0.142975435698018,-0.362810566871762,-0.4954962375,-0.123333333333333,"Yes"
"40","BULL21_11.5",0.102661105657317,-0.166662089536498,-0.3133979375,-0.603333333333333,"Yes"
"41","BULL21_12",0.150973759342657,-0.353293265225948,-0.2923135375,0.396666666666667,"Yes"
"42","BULL21_12.5",0.125781383290089,-0.224719270276837,-0.3314087375,0.83,"Yes"
"43","BULL21_13",0.0483395305630967,0.0201095429948548,-0.2622865375,0.576666666666667,"Yes"
"44","BULL21_14",0.0203740538211262,0.0628212536413685,-0.0611056375,-0.278333333333333,"Yes"
"45","BULL21_15",-0.0936985782284003,0.0855549701618115,-0.00105163749999998,-0.615833333333333,"Yes"
"46","BULL21_15.5",0.281902761865775,-0.508544125623277,-0.2563637375,-0.292222222222222,"Yes"
"47","BULL21_16",0.440089715230366,-0.22887719192264,-0.1601947375,-0.143333333333333,"Yes"
"48","BULL21_16.5",0.458826073354654,-0.301182878596397,-0.1392935375,-0.143333333333333,"Yes"
"49","BULL21_2",-0.0840522174328629,-1.01544519447719,-2.0689291375,2.39666666666667,"Yes"
"50","BULL21_2.5",-0.172101064079853,-0.838668369711388,-2.6377917375,2.29666666666667,"Yes"
"51","BULL21_23",-0.225533450317645,-0.333328774195791,-0.0080579375,-0.143333333333333,"No"
"52","BULL21_26",0.218603628829186,-0.0659079921267993,0.2671895625,-0.143333333333333,"No"
"53","BULL21_3",-0.207081031326857,-0.882191474356337,-2.6052310375,2.13,"Yes"
"54","BULL21_3.5",-0.190056070074471,-0.813296467005418,-2.2515601375,1.22166666666667,"Yes"
"55","BULL21_4",-0.234280163469502,-0.726642131047885,-2.3855170375,1.33,"Yes"
"56","BULL21_4.5",-0.129154696288918,-0.802139567649065,-2.2455565375,1.57166666666667,"Yes"
"57","BULL21_5",-0.171378683747945,-0.728926211310282,-2.1479821375,1.32166666666667,"Yes"
"58","BULL21_5.5",-0.13240588564239,-0.598051459595953,-1.8423147375,1.24666666666667,"Yes"
"59","BULL21_6",-0.00956606598443936,-0.675575125867403,-1.4923926375,0.746666666666667,"Yes"
"60","BULL21_6.5",-0.105936908014224,-0.58071634318064,-1.5611461375,0.776666666666667,"Yes"
"61","BULL21_7",-0.130998727167691,-0.487034188145165,-1.3282450375,0.716666666666667,"Yes"
"62","BULL21_7.5",-0.0389790781733579,-0.510576174078992,-1.4901035375,0.421666666666667,"Yes"
"63","BULL21_8",-0.00832938089582189,-0.470627884546074,-1.3402558375,0.153809523809524,"Yes"
"64","BULL21_8.5",-0.0454984470607902,-0.496244020967305,-1.5281263375,0.0716666666666667,"Yes"
"65","BULL21_9",-0.130999974640158,-0.480708750567653,-1.1831145375,-0.174761904761905,"Yes"
"66","BULL21_9.5",-0.0157584652513801,-0.409017611921759,-1.0598455375,0.0466666666666667,"Yes"
"67","CANY20_0.5",-0.293759579909995,-1.15890517847001,-3.20083261227273,0.313333333333333,"No"
"68","CANY20_1",-0.0705550755494209,-0.871234865051657,-3.27192558336364,0.88,"No"
"69","CANY20_1.5",-0.0425765868039465,-0.706460426292733,-3.37066261227273,0.248333333333333,"No"
"70","CANY20_10",0.284134966256413,0.128153426585992,-0.162869846363636,-0.740512820512821,"No"
"71","CANY20_10.5",0.321917065541187,0.408717743741658,-0.229806612272727,-0.740512820512821,"No"
"72","CANY20_11",0.825487648054301,0.212799151165404,-0.0927813503636363,-0.740512820512821,"No"
"73","CANY20_11.5",0.275152734942888,0.14579440397999,-0.0819546122727273,-0.740512820512821,"No"
"74","CANY20_12",0.416550562052089,0.238924038079695,-0.446511963363636,-0.740512820512821,"No"
"75","CANY20_12.5",0.248438485347199,0.281115523351851,-0.0969396122727266,-0.740512820512821,"No"
"76","CANY20_13",0.35012474400604,0.136922296411952,-0.275398520363636,-0.740512820512821,"No"
"77","CANY20_13.5",0.288457083063628,0.318973160744673,-0.172863612272727,-0.740512820512821,"No"
"78","CANY20_14",0.272847178007836,0.126266204363299,-0.044522655363636,-0.740512820512821,"No"
"79","CANY20_14.5",0.270494917987317,0.241589734241068,-0.0589776122727272,-0.740512820512821,"No"
"80","CANY20_15.5",0.445260803922521,0.350734438716506,-0.0469896122727267,-0.740512820512821,"No"
"81","CANY20_16",0.550997662825094,0.278924794385827,-0.278948751363636,-0.740512820512821,"No"
"82","CANY20_16.5",0.203897074627921,0.121821890163412,-0.353682612272727,-0.740512820512821,"No"
"83","CANY20_17",0.483216677289509,0.495518359941941,-0.303886697363636,-0.740512820512821,"No"
"84","CANY20_17.5",0.329548346418151,0.231888394977902,-0.212823612272727,-0.740512820512821,"No"
"85","CANY20_18",0.520164148421133,0.22960818888093,-0.397645405363636,-0.740512820512821,"No"
"86","CANY20_18.5",0.330239099324331,0.175300338344491,-0.413622612272727,-0.740512820512821,"No"
"87","CANY20_19",0.514740989056447,0.35164842972302,-0.480820089363636,-0.740512820512821,"No"
"88","CANY20_19.5",0.168462013141435,0.10012357435192,-0.390645612272727,-0.740512820512821,"No"
"89","CANY20_2",0.0293501138149946,-0.527067651874124,-3.29310005336364,-0.355897435897436,"No"
"90","CANY20_2.5",0.0366517937571809,-0.33614951471704,-2.89952345227273,-0.131111111111111,"No"
"91","CANY20_20.5",0.452864578134234,0.12580133236048,-0.261774612272727,-0.740512820512821,"No"
"92","CANY20_21",0.470851390418463,0.426868909046952,-0.287820417363636,-0.740512820512821,"No"
"93","CANY20_21.5",0.321363219359631,0.159332574242411,-0.052983612272727,-0.740512820512821,"No"
"94","CANY20_3",0.0753434335427998,-0.270282762191422,-2.49688134936364,-0.386666666666667,"No"
"95","CANY20_3.5",0.0852433434808156,-0.140080386625053,-2.26976461227273,0.496666666666667,"No"
"96","CANY20_4",0.149120371003458,-0.142342191717483,-2.08068401736364,-0.42,"No"
"97","CANY20_4.5",0.181337644872159,-0.133733236276245,-1.66536961227273,-0.163137254901961,"No"
"98","CANY20_5",0.474899640685265,0.222823336147371,-1.41965664736364,-0.900952380952381,"No"
"99","CANY20_5.5",0.254921556398001,0.0242424321548328,-0.939096612272727,-0.740512820512821,"No"
"100","CANY20_6",0.207609121482317,0.0777239812020368,-0.780573491363636,-0.740512820512821,"No"
"101","CANY20_6.5",0.146795547295181,0.111104447333207,-0.480555612272727,-0.740512820512821,"No"
"102","CANY20_7",0.256500331271429,0.159760792608652,-0.396555655363636,-0.740512820512821,"No"
"103","CANY20_7.5",0.152920797282547,0.10567670691521,-0.0919446122727265,-0.740512820512821,"No"
"104","CANY20_8",0.215818740264798,0.0584925308256671,-0.148657898363636,-0.740512820512821,"No"
"105","CANY20_8.5",0.248129658246337,0.2486925099567,0.124838387727273,-0.740512820512821,"No"
"106","CANY20_9",0.273812766333351,0.0670677487250078,0.0238195106363639,-0.740512820512821,"No"
"107","CANY20_9.5",0.380316178207782,0.257528800857034,-0.131904612272727,-0.740512820512821,"No"
"108","CRES21_0.5",-0.5940670883614,-0.734651803736041,-1.58144119555556,0.743333333333333,"No"
"109","CRES21_1",-0.796490380232696,-0.592519249578895,-0.865373295555556,0.593333333333334,"No"
"110","CRES21_1.5",-0.635175174111153,-0.667606166272085,-0.920909395555556,0.693333333333333,"No"
"111","CRES21_10",-0.295023517269715,0.461863646452879,0.272146004444444,0.0933333333333337,"No"
"112","CRES21_10.5",-0.784844419994061,0.861023390455827,0.653378064444444,0.0933333333333337,"No"
"113","CRES21_11",-0.970896472203738,0.780447271005883,0.976229504444444,0.0933333333333337,"No"
"114","CRES21_11.5",-1.08275361729004,0.579408906325419,0.765830124444444,0.0933333333333337,"No"
"115","CRES21_12",-0.830803285705602,0.767004347848237,0.459901604444444,0.0933333333333337,"No"
"116","CRES21_12.5",-0.455424025563028,0.691189558192443,0.327696144444444,0.0933333333333337,"No"
"117","CRES21_13",-0.38576923534303,0.395816328202801,-0.000499095555555717,0.0933333333333337,"No"
"118","CRES21_13.5",-0.494030315258306,0.581598903315471,0.0715608844444444,0.0933333333333337,"No"
"119","CRES21_14",-0.409028971951161,0.690071021434491,0.237191504444444,0.0933333333333337,"No"
"120","CRES21_14.5",-0.50742043958679,0.69329769821011,0.121251324444444,0.0933333333333337,"No"
"121","CRES21_15",-0.324227182488097,0.41804825407575,0.0893839044444444,0.0933333333333337,"No"
"122","CRES21_15.5",-0.468063879968843,0.550052105507584,-0.114029915555556,0.0933333333333337,"No"
"123","CRES21_16",-0.272203666586119,0.562424686105482,-0.0364522955555557,0.0933333333333337,"No"
"124","CRES21_16.5",-0.477453983643099,0.736689783622624,0.00780146444444441,0.0933333333333337,"No"
"125","CRES21_17",-0.597874907137512,0.781709447244908,-0.0624184955555556,0.0933333333333337,"No"
"126","CRES21_17.5",-0.0998151608129296,0.635402424493111,-0.314288375555556,0.0933333333333337,"No"
"127","CRES21_18",-0.321979064446093,0.403632984396322,-0.131328795555556,0.0933333333333337,"No"
"128","CRES21_18.5",-0.246773217797089,0.287183196238366,-0.385531295555556,0.0933333333333337,"No"
"129","CRES21_19",-0.322153647407656,0.607561225390526,-0.360031095555556,0.0933333333333337,"No"
"130","CRES21_19.5",-0.745733774444545,-0.232606773638756,-0.485411075555556,0.0933333333333337,"No"
"131","CRES21_2",-0.631543724656645,-0.539659321260732,-0.845399295555556,0.976666666666667,"No"
"132","CRES21_2.5",-0.693469460501575,-0.62515614198454,-0.813845195555556,-0.206666666666667,"No"
"133","CRES21_20",-0.345460426739204,0.627351206475731,-0.410964795555556,0.0933333333333337,"No"
"134","CRES21_20.5",-0.287746155929884,0.23872658726318,-0.445997975555556,0.0933333333333337,"No"
"135","CRES21_3",-0.417454378651187,-0.475537501758582,-1.07909509555556,0.455833333333334,"No"
"136","CRES21_3.5",-0.401613264296633,-0.347562730470826,-1.32915419555556,0.213333333333333,"No"
"137","CRES21_4",-0.299722006338585,-0.224401625253959,-1.28682469555556,0.243333333333334,"No"
"138","CRES21_4.5",-0.366736246600244,-0.292373383652748,-1.08400719555556,0.505833333333334,"No"
"139","CRES21_5",-0.280116319864186,-0.136105866835202,-0.944270595555556,-0.433939393939394,"No"
"140","CRES21_5.5",0.2989182030064,0.758214575370591,-0.708782195555556,-0.535238095238095,"No"
"141","CRES21_6",-0.227602549007299,0.436974236631804,-0.517825695555556,0.373333333333334,"No"
"142","CRES21_6.5",0.4056884635939,0.792743399195794,-0.458171135555556,0.0558333333333336,"No"
"143","CRES21_7",-0.143772431436809,0.465013654019301,-0.173274195555556,-0.0955555555555554,"No"
"144","CRES21_7.5",-0.229309813233476,0.453213655530648,-0.123808355555556,0.501666666666667,"No"
"145","CRES21_8",-0.0992041299364543,0.600089718927317,0.0104866044444443,0.104444444444445,"No"
"146","CRES21_8.5",0.207308627707427,0.977407992154406,0.00031796444444443,0.014761904761905,"No"
"147","CRES21_9",-0.0646307535788182,0.546004749930438,0.0813943044444443,0.526666666666667,"No"
"148","CRES21_9.5",-0.305632432681795,0.586734562955362,0.166950564444444,0.0933333333333337,"No"
"149","EYRI20_0.5",-0.0986113952326061,-0.792391419185441,-2.86507599315909,0.59,"No"
"150","EYRI20_1",0.10439017853591,-0.640219170043189,-1.86573071917424,0.795,"No"
"151","EYRI20_1.5",0.358290003441237,-0.315402743856739,-2.36200704215909,0.42,"No"
"152","EYRI20_10",0.608847185665208,0.451365295082554,-0.558018523174242,-0.98,"No"
"153","EYRI20_10.5",0.363932045004162,0.353536705123025,-0.434401516159091,-0.98,"No"
"154","EYRI20_11",0.608411860807015,0.281785042674264,-0.424898599174242,-0.8175,"No"
"155","EYRI20_11.5",0.503488826727077,0.534316363487973,-0.184607048159091,-0.8175,"No"
"156","EYRI20_12",0.718005587765578,0.268716976366158,-0.254687551174242,-0.8175,"No"
"157","EYRI20_12.5",0.710702487831181,0.234328349833915,-0.400307456159091,-0.8175,"No"
"158","EYRI20_13",0.594976762625772,0.401527665428746,-0.454227395174242,-0.8175,"No"
"159","EYRI20_13.5",0.700555248336791,0.338673061758176,-0.469584972159091,-0.8175,"No"
"160","EYRI20_14",0.737552616372609,0.35073824908179,-0.329509991174242,-0.8175,"No"
"161","EYRI20_14.5",0.580819380220024,0.228882579651104,0.144108107840909,-0.8175,"No"
"162","EYRI20_15",0.663829214167143,0.415844108660491,-0.355797875174242,-0.8175,"No"
"163","EYRI20_15.5",0.776966660209678,0.277916650933365,0.100612963840909,-0.8175,"No"
"164","EYRI20_16",0.820938328074285,0.383329566984731,-0.155897923174242,-0.8175,"No"
"165","EYRI20_16.5",0.772005431176544,0.469943126280731,0.329204557840909,-0.8175,"No"
"166","EYRI20_17",0.964684054227751,0.301598201705091,-0.0622298311742422,-0.8175,"No"
"167","EYRI20_17.5",0.597658360285839,0.392430952887098,0.0657290338409089,-0.8175,"No"
"168","EYRI20_18",0.679048147012837,0.436880327104729,-0.104242431174242,-0.8175,"No"
"169","EYRI20_18.5",0.551526896512102,0.385697787225979,-0.218772106159091,-0.8175,"No"
"170","EYRI20_19",0.631989175828444,0.352363202155943,-0.206593127174242,-0.8175,"No"
"171","EYRI20_19.5",0.593917111240451,0.486750059576574,0.0446585738409091,-0.8175,"No"
"172","EYRI20_2",0.2473083778788,-0.311907078630288,-2.45890861917424,0.353333333333333,"No"
"173","EYRI20_2.5",0.251137724462067,-0.298925694827893,-2.38663949615909,0.25,"No"
"174","EYRI20_20",0.794660297295234,0.460584413479893,-0.310184195174242,-0.8175,"No"
"175","EYRI20_20.5",0.430063101466601,0.29938882211113,-0.388134666159091,-0.8175,"No"
"176","EYRI20_21",0.744000174255941,0.330071418442332,-0.506042935174242,-0.8175,"No"
"177","EYRI20_21.5",0.441904479347163,0.461234194401205,-0.352684366159091,-0.8175,"No"
"178","EYRI20_3",0.248682965942397,-0.165561200839879,-1.96460037117424,-0.18,"No"
"179","EYRI20_3.5",0.240392406372364,-0.227267223255024,-1.80256184815909,-0.813333333333333,"No"
"180","EYRI20_4",0.363220803818109,-0.205117263354117,-1.61917677517424,-0.301428571428571,"No"
"181","EYRI20_4.5",0.309446459812695,-0.229036504857658,-1.79207136815909,-0.43,"No"
"182","EYRI20_5",0.245260444058164,-0.192964127169035,-1.51054419517424,-0.23,"No"
"183","EYRI20_5.5",0.383417047378314,-0.153119170195693,-1.43803784215909,-0.4175,"No"
"184","EYRI20_6",0.32433827698194,-0.173382102318008,-1.18636697117424,-0.0442857142857142,"No"
"185","EYRI20_6.5",0.299447763870062,-0.123684092241459,-1.09263878815909,0.4575,"No"
"186","EYRI20_7",0.55945453594304,0.0592278976404265,-0.736552067174242,0.69,"No"
"187","EYRI20_7.5",0.573280512488231,0.028116457070487,-0.465086170159091,-0.63,"No"
"188","EYRI20_8",0.55397054510938,0.182640108142962,-0.633081035174242,-0.87,"No"
"189","EYRI20_8.5",0.536702293346514,0.307600297520074,-0.504415383159091,-0.196666666666667,"No"
"190","EYRI20_9",0.628157845825853,0.308416532836782,-0.651806651174242,-0.3675,"No"
"191","EYRI20_9.5",0.682602619623684,0.295289910094928,-0.654913423159091,-0.9175,"No"
"192","FOOT20_0.5",-0.179535120394538,-1.01858439303624,-2.63718610499144,0.47,"Yes"
"193","FOOT20_1",-0.142680818123546,-0.854248989619494,-2.28225150899144,0.303333333333333,"Yes"
"194","FOOT20_1.5",-0.0250199875201134,-0.72837836867782,-2.95468961201713,0.87,"Yes"
"195","FOOT20_10",0.225612761917214,0.0856336983996385,0.0865719050085638,-1.01125,"No"
"196","FOOT20_10.5",0.336825393713266,0.132446494091238,-0.0262393840171278,-1.01125,"No"
"197","FOOT20_11",0.183058572694625,0.157622322512833,0.183758770008564,-1.01125,"No"
"198","FOOT20_11.5",0.505361572164762,0.171869281527486,-0.0256402240171276,-1.01125,"No"
"199","FOOT20_12",0.413788242822085,0.195864738920143,0.182477020008564,-1.01125,"No"
"200","FOOT20_12.5",0.446877585988538,0.178078483841825,-0.0481087240171276,-1.01125,"No"
"201","FOOT20_13",0.236952752373724,0.230291683444361,0.129986634008564,-1.01125,"No"
"202","FOOT20_14",0.2814451764143,0.253816423143661,0.0927745520085641,-1.01125,"No"
"203","FOOT20_14.5",0.351015446994149,0.242908483801023,0.00213507598287244,-1.01125,"No"
"204","FOOT20_15",0.498730384907141,0.328942811290323,-0.0721997849914358,-1.01125,"No"
"205","FOOT20_15.5",0.361739002005225,0.204613073425255,-0.148767604017128,-1.01125,"No"
"206","FOOT20_16",0.350964040162449,0.390226307049387,0.142206615008564,-1.01125,"No"
"207","FOOT20_17",0.356241369627001,0.45708556823716,0.127480215008564,-1.01125,"No"
"208","FOOT20_17.5",0.359947556990986,0.287648690175224,0.0658751969828724,-1.01125,"No"
"209","FOOT20_18",0.333612166600722,0.317053744606184,-0.0430964249914361,-1.01125,"No"
"210","FOOT20_18.5",0.38893196909378,0.307782878286837,-0.0534011910171275,-1.01125,"No"
"211","FOOT20_19",0.409015956007931,0.30077038863866,-0.0146919449914358,-1.01125,"No"
"212","FOOT20_19.5",0.437658676940186,0.169223262337684,-0.0814000830171278,-1.01125,"No"
"213","FOOT20_2",0.0989257688125179,-0.480846419389826,-2.55573838899144,0.736666666666667,"Yes"
"214","FOOT20_2.5",0.0577942927111441,-0.63116293183814,-2.80296873501713,0.245,"Yes"
"215","FOOT20_20",0.341188181206403,0.369222197050723,-0.0968602649914359,-1.01125,"No"
"216","FOOT20_20.5",0.274641743869847,0.330208738944355,-0.155595890017127,-1.01125,"No"
"217","FOOT20_21",0.329068648109285,0.0900093172600447,-0.174685544991436,-1.01125,"No"
"218","FOOT20_21.5",0.122400470269859,0.151801321145168,-0.116284988017127,-1.01125,"No"
"219","FOOT20_22",0.222964520285804,0.223938165520915,-0.018086504991436,-1.01125,"No"
"220","FOOT20_22.5",0.120989687990439,0.270655538453397,-0.0245293300171276,-1.01125,"No"
"221","FOOT20_3",0.0392137057711458,-0.421646796937664,-2.86967190299144,0.17,"Yes"
"222","FOOT20_3.5",0.309339010543752,-0.426983360233716,-1.79228329501713,-0.28,"Yes"
"223","FOOT20_4",0.237288945957967,-0.328134872662913,-1.50367783599144,-0.352222222222222,"Yes"
"224","FOOT20_4.5",0.300946211490142,-0.306984275094424,-1.75895228101713,-0.363333333333333,"Yes"
"225","FOOT20_5",0.227337365831361,-0.198733462765629,-1.31253696299144,-0.421666666666667,"Yes"
"226","FOOT20_5.5",0.350593912584274,-0.272759002833726,-1.53857131701713,0.108461538461538,"Yes"
"227","FOOT20_6",0.270863708296687,-0.221361900940288,-1.01149238099144,-0.196666666666667,"Yes"
"228","FOOT20_7",0.380423166159285,-0.182690654799282,-0.557530588991436,-1.01125,"No"
"229","FOOT20_7.5",0.327590793878418,-0.120874787497401,-0.654425729017127,-1.01125,"No"
"230","FOOT20_8",0.207552453979466,0.0283743455548552,-0.128127596991436,-1.01125,"No"
"231","FOOT20_8.5",0.263950443701513,0.0075985422562066,-0.425246814017127,-1.01125,"No"
"232","FOOT20_9",0.140933009003966,0.0750807039398996,0.0325350440085641,-1.01125,"No"
"233","FOOT20_9.5",0.310372125117415,0.0552627225113955,-0.119106949017127,-1.01125,"No"
"234","LIGH20_0.5",-0.0559879345892286,-0.964250964948736,-3.11652945819444,0.896666666666667,"No"
"235","LIGH20_1",0.0418392216196011,-0.694385134485338,-3.27010630530556,0.58,"No"
"236","LIGH20_1.5",0.132084740939607,-0.400555260810588,-3.31876487919444,0.386060606060606,"No"
"237","LIGH20_10",0.250473585021141,0.128913281677673,-0.225086145305556,-0.734035087719298,"No"
"238","LIGH20_10.5",0.522554841376957,0.457853820513586,-0.212444916194444,-0.734035087719298,"No"
"239","LIGH20_11",0.555862970988599,0.475844085294699,-0.157544385305556,-0.734035087719298,"No"
"240","LIGH20_11.5",0.500630934267333,0.287865974769581,0.0386796738055555,-0.734035087719298,"No"
"241","LIGH20_12",0.400890582383449,-0.0122698717326494,0.0172255346944441,-0.734035087719298,"No"
"242","LIGH20_12.5",0.553195456949728,0.264757581478148,0.0224993438055554,-0.734035087719298,"No"
"243","LIGH20_13",0.74494228970307,0.117835054620301,-0.0920992653055555,-0.734035087719298,"No"
"244","LIGH20_13.5",0.198686774148083,0.241712726666684,-0.0862453261944447,-0.734035087719298,"No"
"245","LIGH20_14",0.529899188262543,0.112322189172165,-0.179908545305556,-0.734035087719298,"No"
"246","LIGH20_14.5",0.392290508963165,0.263909477796443,-0.0887680691944448,-0.734035087719298,"No"
"247","LIGH20_15",0.569290962589475,0.166441224450028,-0.223338945305556,-0.734035087719298,"No"
"248","LIGH20_15.5",0.324581540689872,0.327852680219632,-0.100317538194445,-0.734035087719298,"No"
"249","LIGH20_16",0.66372233523974,0.370350209155999,-0.191539905305556,-0.734035087719298,"No"
"250","LIGH20_16.5",0.228433164556987,0.192170898090787,-0.028691895194445,-0.734035087719298,"No"
"251","LIGH20_17",0.445373087423424,0.246054579831427,-0.0399328653055555,-0.734035087719298,"No"
"252","LIGH20_17.5",0.513349469126219,0.170013832841761,0.305269525805556,-0.734035087719298,"No"
"253","LIGH20_18",0.397071959366534,0.104510106586367,0.281452094694444,-0.734035087719298,"No"
"254","LIGH20_2",0.201049549497435,-0.218292302534824,-2.93319622530556,-0.4,"No"
"255","LIGH20_2.5",0.220505370015093,-0.136322073286517,-2.09002093719444,-0.260350877192983,"No"
"256","LIGH20_3",0.335553575874192,-0.10004295138881,-1.51696582530556,0.207450980392157,"No"
"257","LIGH20_3.5",0.375378887231474,-0.121121673268906,-1.17916078719444,-0.242916666666666,"No"
"258","LIGH20_4",0.606891951691115,0.121904069328276,-0.918025665305556,-0.52,"No"
"259","LIGH20_4.5",0.465915916690845,0.0222325198875888,-0.552347801194445,-0.734035087719298,"No"
"260","LIGH20_5",0.411312770927015,0.0539317736558194,-0.588903105305556,-0.734035087719298,"No"
"261","LIGH20_5.5",0.264167047691471,0.0444538825112406,-0.0626403521944443,-0.734035087719298,"No"
"262","LIGH20_6",0.470009059096044,0.0911305255749512,-0.104429505305555,-0.734035087719298,"No"
"263","LIGH20_6.5",0.388407558333728,0.281621928641401,0.202755088805556,-0.734035087719298,"No"
"264","LIGH20_7",0.493005217446371,0.118030080466568,-0.00199366530555611,-0.734035087719298,"No"
"265","LIGH20_7.5",0.389295004445784,0.184247129154834,-0.103021198194445,-0.734035087719298,"No"
"266","LIGH20_8",0.600388211309681,0.143666589404159,-0.0977402253055555,-0.734035087719298,"No"
"267","LIGH20_8.5",0.38530097942571,0.182581520372114,0.155535040805555,-0.734035087719298,"No"
"268","LIGH20_9",0.438343473357624,0.279874924569527,-0.0800186253055557,-0.734035087719298,"No"
"269","LIGH20_9.5",0.309297800534542,0.170774204073554,-0.107937090194445,-0.734035087719298,"No"
"270","LOST20_0.5",-0.294697564392376,-1.00503915257607,NA,1.60333333333333,"Yes"
"271","LOST20_1",-0.178093600164767,-0.935515417514068,-1.11404548755428,1.30333333333333,"Yes"
"272","LOST20_1.5",-0.0827979932678637,-0.639201342372229,-1.75234750244572,1.05333333333333,"Yes"
"273","LOST20_10",0.228404164691699,-0.161498703909583,-1.06257037755428,0.478333333333333,"Yes"
"274","LOST20_10.5",0.315499767108477,-0.199599833555575,-1.14904150244572,0.283333333333333,"Yes"
"275","LOST20_11",0.106589626399744,-0.0118183395260349,-1.16905994755428,-0.221666666666667,"Yes"
"276","LOST20_11.5",0.438374911299422,-0.100465852413069,-1.13308630244572,-0.276666666666667,"Yes"
"277","LOST20_12",0.155951916587482,-0.0527939431633827,-1.14085481755428,-0.316666666666667,"Yes"
"278","LOST20_12.5",0.460936241454778,-0.172471278902116,-1.52698030244572,-0.0766666666666667,"Yes"
"279","LOST20_13",0.029551164064877,-0.136264595215963,-1.21850117755428,-0.0166666666666666,"Yes"
"280","LOST20_13.5",0.43244208278048,-0.0635294570508782,-1.14904150244572,0.0319047619047619,"Yes"
"281","LOST20_14",0.15937536519454,-0.0426715863978176,-0.485636387554279,-0.213333333333333,"Yes"
"282","LOST20_14.5",0.273218780979954,-0.124874838032758,-0.372222702445721,-0.33,"Yes"
"283","LOST20_15",0.110424646133726,-0.00861307900097119,-0.304591157554279,0.0461904761904762,"Yes"
"284","LOST20_15.5",0.280039935589204,-0.0351443344583371,-0.570665502445721,0.343333333333333,"Yes"
"285","LOST20_16",0.118850637559267,-0.0347550234243076,-0.354451127554279,0.00333333333333341,"No"
"286","LOST20_16.5",0.298356792489873,-0.071564654067074,-0.555707502445721,0.117619047619048,"No"
"287","LOST20_17",0.0854324496060452,-0.000384404148725118,-0.210334777554279,0.203333333333333,"No"
"288","LOST20_17.5",0.304246152334235,-0.0084897420664741,-0.203695902445721,0.0811111111111111,"No"
"289","LOST20_18",0.439543633995967,-0.0506638645135883,-0.154722117554279,0.0811111111111111,"No"
"290","LOST20_18.5",0.280459766855906,-0.00756529697822673,-0.249567102445722,0.0811111111111111,"No"
"291","LOST20_19",0.10618250977141,-0.0228709541866364,-0.153625417554279,0.0811111111111111,"No"
"292","LOST20_2",-0.090203599236221,-0.474804418538542,-1.80115794755428,1.20333333333333,"Yes"
"293","LOST20_2.5",0.199352943281635,-0.510596190277506,-1.45318750244572,1.57,"Yes"
"294","LOST20_20",0.234697422618585,-0.0943936227901011,-0.167573447554278,0.0811111111111111,"No"
"295","LOST20_20.5",0.352786245052086,0.0514610400488265,-0.0222055024457215,0.0811111111111111,"No"
"296","LOST20_21",0.0782858009237842,-0.00155399057171269,0.0222055024457215,0.0811111111111111,"No"
"297","LOST20_21.5",0.250922302958963,0.0498136863367244,-0.0830347024457216,0.0811111111111111,"No"
"298","LOST20_22",0.0790505565163995,0.0052023473456268,-0.148610507554279,0.0811111111111111,"No"
"299","LOST20_22.5",0.265789361636897,-0.0218600053597948,-0.129903102445722,0.0811111111111111,"No"
"300","LOST20_23",0.0904924640838504,0.00123738173567276,-0.276086927554279,0.0811111111111111,"No"
"301","LOST20_23.5",0.364805875664223,0.0227537453341091,-0.0820375024457216,0.0811111111111111,"No"
"302","LOST20_24",0.128338791670644,0.00659798947023067,0.0142195324457215,0.0811111111111111,"No"
"303","LOST20_24.5",0.360705886584532,0.0300508018108191,-0.0910123024457214,0.0811111111111111,"No"
"304","LOST20_25",0.405735733910098,-0.0361035636225829,-0.136945607554279,0.0811111111111111,"No"
"305","LOST20_25.5",0.348177055849509,0.0640844961674681,-0.120928302445722,0.0811111111111111,"No"
"306","LOST20_26",0.0856759616950612,-0.0314254016809733,-0.115021577554279,0.0811111111111111,"No"
"307","LOST20_26.5",0.302327481455471,0.09382487603078,-0.303415902445721,0.0811111111111111,"No"
"308","LOST20_27",0.111497453254889,-0.0396335549966236,-0.195449567554279,0.0811111111111111,"No"
"309","LOST20_27.5",0.324407643390012,0.0573086244732437,-0.338317902445722,0.0811111111111111,"No"
"310","LOST20_28",0.0831291809999405,-0.0162732380425638,-0.0648026875542786,0.0811111111111111,"No"
"311","LOST20_28.5",0.39254616498039,0.0717281926089382,0.279946097554278,0.0811111111111111,"No"
"312","LOST20_3",0.113688739508123,-0.433871373453747,-1.74558516755428,1.60333333333333,"Yes"
"313","LOST20_3.5",0.129001605101681,-0.429558433920832,-1.66955808755428,1.27,"Yes"
"314","LOST20_4",0.13571693958357,-0.430787419682708,-1.77004157755428,0.803333333333333,"Yes"
"315","LOST20_4.5",0.152149438847494,-0.409000506651576,-1.68653230244572,0.253333333333333,"Yes"
"316","LOST20_5",0.119265641374299,-0.367672350525437,-1.55924586755428,0.303333333333333,"Yes"
"317","LOST20_5.5",0.249653682726349,-0.415550771596032,-1.62852762244572,0.603333333333333,"Yes"
"318","LOST20_6",0.153278533126376,-0.273463695534052,-1.32556184755428,0.17,"Yes"
"319","LOST20_6.5",0.404586640553315,-0.378076263368475,-1.74796018244572,0.236666666666667,"Yes"
"320","LOST20_7",0.214044272968781,-0.314456066859147,-1.27589144755428,-0.246666666666667,"Yes"
"321","LOST20_7.5",0.204753842717918,-0.286445242430312,-1.57839790244572,-0.496666666666667,"Yes"
"322","LOST20_8",0.15552129589056,-0.252282281633365,-1.12922648755428,-0.396666666666667,"Yes"
"323","LOST20_8.5",0.446700136855213,-0.215295331373559,-1.33053190244572,-1.29666666666667,"Yes"
"324","LOST20_9",0.161930507627002,-0.29668872700976,-1.24009880755428,-0.0216666666666666,"Yes"
"325","LOST20_9.5",0.238810100448927,-0.27874739818167,-1.06826830244572,-0.171666666666667,"Yes"
"326","LOUI21_0.5",-0.646059775194384,-0.492955226208209,-0.9564493,0.716666666666667,"Yes"
"327","LOUI21_1",-0.815553691232471,-0.300351285509027,-1.4381935,0.616666666666666,"Yes"
"328","LOUI21_1.5",-0.579393118051932,-0.184759685736456,-1.57255276,0.741666666666666,"Yes"
"329","LOUI21_10",-0.468614251954843,0.0989248085832518,0.3411681,-0.266666666666667,"Yes"
"330","LOUI21_10.5",-0.494648732203838,0.162877974144759,0.15853046,0.296666666666666,"Yes"
"331","LOUI21_11",-0.790954860448865,0.0579582763682046,0.8288967,0.383333333333333,"Yes"
"332","LOUI21_11.5",-0.767265742543811,0.202304290596973,0.21789956,-0.311904761904762,"Yes"
"333","LOUI21_12",-0.673128407752751,0.335336889415626,0.1017921,-0.205555555555556,"Yes"
"334","LOUI21_12.5",-0.499360469000282,0.277981897623288,-0.29307382,0.566666666666666,"No"
"335","LOUI21_13",-0.563443475058392,0.314713282925747,0.2434229,0.225757575757576,"No"
"336","LOUI21_13.5",-0.54624497549202,0.240253238966997,0.11213276,0.225757575757576,"No"
"337","LOUI21_14",-0.605778545980033,0.2748773244315,0.0908207,0.225757575757576,"No"
"338","LOUI21_14.5",-0.60683155269248,0.289014181563546,-0.05679478,0.225757575757576,"No"
"339","LOUI21_15",-0.941074721115168,0.255628220518285,0.6144557,0.225757575757576,"No"
"340","LOUI21_15.5",-0.710738798736926,0.680774939958022,0.80231102,0.225757575757576,"No"
"341","LOUI21_16",-0.628127345215778,0.287109721840821,0.7411255,0.225757575757576,"No"
"342","LOUI21_16.5",-0.617345564465983,0.348611098106807,0.1033147,0.225757575757576,"No"
"343","LOUI21_17",-0.698416988419876,0.334808230922368,0.1267271,0.225757575757576,"No"
"344","LOUI21_17.5",-0.472366433946254,0.223032232162901,-0.6251268,0.225757575757576,"No"
"345","LOUI21_18",-0.865528798356982,0.325629151063528,-0.3460405,0.225757575757576,"No"
"346","LOUI21_18.5",-0.654854085149631,0.249859698698229,-0.1876633,0.225757575757576,"No"
"347","LOUI21_19",-0.558805315565775,0.331049086195241,0.0299792999999999,0.225757575757576,"No"
"348","LOUI21_19.5",-0.503045218113488,0.246028982107299,0.1461642,0.225757575757576,"No"
"349","LOUI21_2",-0.700099860333418,-0.1638581482513,-1.0990775,1.48333333333333,"Yes"
"350","LOUI21_2.5",-0.615216476631353,-0.133513617142757,-1.00689994,0.366666666666667,"Yes"
"351","LOUI21_20",-0.649929339636931,0.341469107883227,0.1576465,0.225757575757576,"No"
"352","LOUI21_20.5",-0.682928278949037,0.296496831615065,-0.1069468,0.225757575757576,"No"
"353","LOUI21_21",-0.809998225424437,0.229741111536463,-0.1595267,0.225757575757576,"No"
"354","LOUI21_21.5",-0.73096190693291,0.344950490066849,-0.3321558,0.225757575757576,"No"
"355","LOUI21_22",-0.70435615317122,0.377483257630471,-0.5485127,0.225757575757576,"No"
"356","LOUI21_22.5",-0.45409911270028,0.239681017791174,-0.1866668,0.225757575757576,"No"
"357","LOUI21_23",-0.612155498937193,0.254977944168527,0.1636309,0.225757575757576,"No"
"358","LOUI21_23.5",-0.626344567478214,0.403055097446783,0.0624582,0.225757575757576,"No"
"359","LOUI21_24",-0.610018542543044,0.277771989304419,-0.1026749,0.225757575757576,"No"
"360","LOUI21_24.5",-0.707821769983327,0.330608309560897,-0.2574183,0.225757575757576,"No"
"361","LOUI21_25",-0.812111292576175,0.310831901378821,0.1706127,0.225757575757576,"No"
"362","LOUI21_25.5",-0.770921766932558,0.151983563462667,-0.1208978,0.225757575757576,"No"
"363","LOUI21_26",-0.805335583768512,0.238460272980656,0.1676205,0.225757575757576,"No"
"364","LOUI21_26.5",-0.980982803228362,0.21747225451808,1.0758987,0.225757575757576,"No"
"365","LOUI21_3",-0.710253569897853,-0.0654152612791866,-0.3739677,0.0766666666666667,"Yes"
"366","LOUI21_3.5",-0.992017294342238,0.0109365463506014,-0.38706658,0.766666666666667,"Yes"
"367","LOUI21_4",-0.54762782934854,-0.0460547676914708,-0.5953905,0.616666666666666,"Yes"
"368","LOUI21_4.5",-0.649820115944409,0.00563857356022809,-0.84785062,0.191666666666666,"Yes"
"369","LOUI21_5",-0.531330877988817,-0.0634080872341462,-0.2243577,0.3,"Yes"
"370","LOUI21_5.5",-0.539908440513846,-0.00576411587133733,-0.10868038,0.391666666666667,"Yes"
"371","LOUI21_6",-0.541818208389362,-0.015171679750731,0.1596413,-0.0404761904761903,"Yes"
"372","LOUI21_6.5",-0.625328346734441,-0.0753737238456478,0.05735354,-0.443333333333333,"Yes"
"373","LOUI21_7",-0.470541049120306,0.0200300742914965,-0.1266125,-0.366666666666667,"Yes"
"374","LOUI21_7.5",-0.521638866104316,0.0364477650155724,-0.82679704,-0.55,"Yes"
"375","LOUI21_8",-0.642299612185747,0.0127405804071719,0.1496673,0.456666666666667,"Yes"
"376","LOUI21_8.5",-0.609771107483758,0.0644127595195123,0.14426192,0.416666666666667,"Yes"
"377","LOUI21_9",-0.619119913784922,0.0824687017416524,0.3042643,0.136666666666667,"Yes"
"378","LOUI21_9.5",-0.683117554471618,0.0835990242989903,0.31528484,-0.2,"Yes"
"379","MIGA21_0.5",0.173406916591175,-0.969177778689075,NA,1.57,"Yes"
"380","MIGA21_1",-0.289064539780154,-0.748905938777535,-5.08266976,1.92,"Yes"
"381","MIGA21_1.5",-0.265149846937738,-0.688993992485114,-5.81833826,1.93666666666667,"Yes"
"382","MIGA21_10",-0.0273146558525787,-0.157163050022987,-1.09096016,0.114444444444445,"Yes"
"383","MIGA21_10.5",0.017623510996733,-0.123632495043284,-0.99129226,0.941428571428571,"Yes"
"384","MIGA21_11",-0.0619714978000028,-0.190775924688626,-0.79513776,1.21444444444444,"Yes"
"385","MIGA21_11.5",0.0163768806199429,-0.147119371691078,-0.34556026,0.47,"Yes"
"386","MIGA21_12",-0.067658569557256,-0.129522352333987,-0.58926136,-0.518888888888889,"Yes"
"387","MIGA21_12.5",0.0555173123154054,-0.217861846258675,-0.45019276,-0.585555555555555,"Yes"
"388","MIGA21_13",0.00970366394412125,-0.160698503030109,-0.21148816,0.23,"No"
"389","MIGA21_13.5",-0.0763212239489729,-0.138534102515301,-0.0675367599999999,0.23,"No"
"390","MIGA21_14",-0.100085505634975,0.0107047492690559,0.0193732400000002,0.23,"No"
"391","MIGA21_14.5",0.0213999820437908,0.112379010468479,0.11681574,0.23,"No"
"392","MIGA21_15.5",-0.0530437074319393,-0.259483787731757,0.09887874,0.23,"No"
"393","MIGA21_16.5",-0.134202601754728,-0.0626988781835227,0.26330124,0.23,"No"
"394","MIGA21_19.5",0.44783180146452,-0.34028867758931,0.15169324,0.23,"No"
"395","MIGA21_2",-0.241578359660098,-0.610545050228319,-5.49203786,2.37,"Yes"
"396","MIGA21_2.5",-0.224499898215923,-0.642344437834303,-5.04904026,2.43,"Yes"
"397","MIGA21_20",0.917274209969614,-0.491982205981649,0.13530364,0.23,"No"
"398","MIGA21_20.5",-0.0993186038609828,-0.0649426231924491,-0.00901836000000023,0.23,"No"
"399","MIGA21_21.5",0.164294349510337,0.448858149094438,-0.36288236,0.23,"No"
"400","MIGA21_22",-0.663997720569735,-0.753577818029074,-0.31342696,0.23,"No"
"401","MIGA21_22.5",0.00189774611035889,0.166985762048897,-0.17349036,0.23,"No"
"402","MIGA21_23",-0.0189166278477854,0.0464582247410523,0.02936724,0.23,"No"
"403","MIGA21_23.5",0.105368839809503,0.521548192511697,0.0188920399999999,0.23,"No"
"404","MIGA21_24",0.675123148635588,-0.255271519977162,0.0493552400000001,0.23,"No"
"405","MIGA21_24.5",0.493336097266141,-0.378445048441232,0.22722324,0.23,"No"
"406","MIGA21_25",-0.100254836599388,0.471210083401168,0.13830184,0.23,"No"
"407","MIGA21_25.5",-0.048809066926409,0.417914862925527,-0.0468967600000001,0.23,"No"
"408","MIGA21_26",-0.0804715090932539,0.307775876381052,-0.05258356,0.23,"No"
"409","MIGA21_26.5",0.132228993746763,0.525209741323313,-0.55426796,0.23,"No"
"410","MIGA21_3",-0.247527482630256,-0.684527311095248,-4.87147986,1.83666666666667,"Yes"
"411","MIGA21_3.5",-0.130294992197915,-0.423465934256297,-4.52488126,1.61,"Yes"
"412","MIGA21_4",-0.0475291199197431,-0.477822118605513,-3.99469146,1.595,"Yes"
"413","MIGA21_4.5",-0.0674739045922166,-0.336771388690907,-3.54033926,1.545,"Yes"
"414","MIGA21_5",-0.0806467453321237,-0.300990178047304,-3.06285356,1.09,"Yes"
"415","MIGA21_5.5",0.0113151640734945,-0.348565254048245,-2.96934476,1.07,"Yes"
"416","MIGA21_6",-0.0827769545193029,-0.284312015257369,-2.97877796,0.536666666666667,"Yes"
"417","MIGA21_6.5",0.0429498971219456,-0.309531495439537,-2.86770176,0.45,"Yes"
"418","MIGA21_7",-0.00463901680176835,-0.205095354818596,-2.53938286,-0.0633333333333332,"Yes"
"419","MIGA21_7.5",-0.0264697954236782,-0.277711316422547,-2.36646226,-0.201428571428571,"Yes"
"420","MIGA21_8",0.0398200491886575,-0.226555522525628,-2.07596616,-0.38,"Yes"
"421","MIGA21_8.5",-0.00346695096313053,-0.210580081566355,-1.86621926,-0.23,"Yes"
"422","MIGA21_9",0.0770100799847722,-0.196865130379072,-1.73057616,0.786666666666667,"Yes"
"423","MIGA21_9.5",0.0392251101879593,-0.120081973878447,-1.48954226,0.0557142857142858,"Yes"
"424","MONO21_0.5",-0.903734034498435,-0.446079845011023,-0.970665466666667,0.385,"Yes"
"425","MONO21_1",-0.85386939808966,-0.21240588239603,-1.71971286666667,0.85,"Yes"
"426","MONO21_1.5",-0.847578365035852,-0.221163115307731,-1.61208946666667,0.0599999999999996,"Yes"
"427","MONO21_10",-0.797484093138183,0.0289920757758918,-0.750056466666667,-0.13,"No"
"428","MONO21_10.5",-0.724160299111653,0.232470536074755,0.168195333333333,-0.13,"No"
"429","MONO21_11",-0.727533401030956,0.20708110522258,0.0738341333333333,-0.13,"No"
"430","MONO21_11.5",-0.643309922607263,0.189248720570682,-0.0640590666666667,-0.13,"No"
"431","MONO21_12",-0.673808172588363,0.0266145077074984,0.0307352333333334,-0.13,"No"
"432","MONO21_12.5",-0.626315254088614,0.248636101033431,-0.0949598666666667,-0.13,"No"
"433","MONO21_13",-0.688284172231434,0.269103983043496,0.0788456333333333,-0.13,"No"
"434","MONO21_13.5",-0.635623318164382,0.13424722280393,0.0485793333333334,-0.13,"No"
"435","MONO21_14",-0.614657362621494,0.252848968471241,0.0417605333333334,-0.13,"No"
"436","MONO21_14.5",-0.690378239733494,0.201846303290035,-0.0989470666666666,-0.13,"No"
"437","MONO21_15",-0.612664644597675,0.147838105302525,0.0247214333333333,-0.13,"No"
"438","MONO21_15.5",-0.626302175179519,0.234495344114294,-0.0760206666666667,-0.13,"No"
"439","MONO21_16",-0.660198930811496,0.25090036027424,0.0938801333333333,-0.13,"No"
"440","MONO21_16.5",-0.687055104596538,0.159590958690757,0.222022533333333,-0.13,"No"
"441","MONO21_17",-0.748711633819492,0.225950499986955,0.153015833333333,-0.13,"No"
"442","MONO21_17.5",-0.739368560191018,0.116374320907445,0.232987333333333,-0.13,"No"
"443","MONO21_18",-0.731093293145109,0.271632642219565,0.0838571333333332,-0.13,"No"
"444","MONO21_18.5",-0.585984479029105,0.22296060038196,0.0924385333333334,-0.13,"No"
"445","MONO21_19",-0.640903374253061,0.149730537032186,-0.0544602666666667,-0.13,"No"
"446","MONO21_19.5",-0.565488051098642,0.115263634764068,0.0994161333333333,-0.13,"No"
"447","MONO21_2",-0.721796507821049,-0.121554428282111,-1.90622666666667,0.284999999999999,"Yes"
"448","MONO21_2.5",-0.788098384774049,-0.077871506381842,-2.02277106666667,0.226666666666667,"Yes"
"449","MONO21_20",-0.780607840761504,0.13987857750654,0.123949133333333,-0.13,"No"
"450","MONO21_20.5",-0.618501780030472,0.15029304516646,0.274852933333333,-0.13,"No"
"451","MONO21_21",-0.585495289134731,0.198816943529078,0.0557927333333333,-0.13,"No"
"452","MONO21_21.5",-0.566457433085749,0.128723030032364,0.0146881333333334,-0.13,"No"
"453","MONO21_22",-0.734858985820197,0.108618354752043,-0.111591366666667,-0.13,"No"
"454","MONO21_22.5",-0.637450538457855,0.0968765957385141,-0.123867066666667,-0.13,"No"
"455","MONO21_23",-0.742925026097261,0.0803733508038664,-0.583674666666667,-0.13,"No"
"456","MONO21_23.5",-0.838167320177297,0.130673303707996,-0.492683066666667,-0.13,"No"
"457","MONO21_24",-0.758204700363172,0.238739046307232,-0.449366466666667,-0.13,"No"
"458","MONO21_24.5",-0.700637737089146,0.17525751722937,0.0138423333333334,-0.13,"No"
"459","MONO21_25",-0.804681233942309,0.181557439779485,-0.371187066666667,-0.13,"No"
"460","MONO21_25.5",-0.848452715861883,0.176844706744752,-0.349174866666667,-0.13,"No"
"461","MONO21_26",-0.734056049044956,0.243566499143179,-0.543582666666667,-0.13,"No"
"462","MONO21_26.5",-0.667236535626457,0.159106759232567,-0.480818466666667,-0.13,"No"
"463","MONO21_27",-0.635525495861813,0.125351879569043,-0.479435466666667,-0.13,"No"
"464","MONO21_27.5",-0.759282786032971,0.257118195013778,-0.418985866666667,-0.13,"No"
"465","MONO21_28",-0.778647025111504,0.150261087950204,-0.442350366666667,-0.13,"No"
"466","MONO21_28.5",-0.772480257004267,0.0845104696606492,-0.851814066666667,-0.13,"No"
"467","MONO21_29",-0.864450886324709,0.184950652507192,-0.988603866666667,-0.13,"No"
"468","MONO21_29.5",-0.788912953624126,0.109789694844829,-1.33849646666667,-0.13,"No"
"469","MONO21_3",-0.749086533727483,-0.02540056865486,-1.64009886666667,0.529999999999999,"Yes"
"470","MONO21_3.5",-0.665943493364046,-0.0722805568429382,-1.80447186666667,0.0724999999999998,"Yes"
"471","MONO21_30",-0.657506124311517,0.181433079962193,-1.12090746666667,-0.13,"No"
"472","MONO21_30.5",-0.836837064919389,0.121434599774363,-1.32154236666667,-0.13,"No"
"473","MONO21_31",-0.734382137009739,0.220984700866091,-1.17803856666667,-0.13,"No"
"474","MONO21_31.5",-0.648391507878354,0.276333485717286,-0.823889666666667,-0.13,"No"
"475","MONO21_32",-0.733009298198079,0.313227298035493,-0.581670066666667,-0.13,"No"
"476","MONO21_32.5",-0.618298789214245,0.189150617163057,-0.810924766666667,-0.13,"No"
"477","MONO21_33",-0.465911933460997,0.105260446517942,-0.764682666666667,-0.13,"No"
"478","MONO21_33to34",-0.65747883398742,0.173915438046752,-0.929603466666667,-0.13,"No"
"479","MONO21_34to35",-0.737252076894656,0.147515933474825,-0.887522766666667,-0.13,"No"
"480","MONO21_35to36",-0.659814286827292,0.0991536792732606,-1.03531726666667,-0.13,"No"
"481","MONO21_36to37",-0.67616007870651,0.199859366554201,-0.681790566666667,-0.13,"No"
"482","MONO21_37to38",-0.769223106681181,0.166204766379143,-0.671302766666667,-0.13,"No"
"483","MONO21_38to39",-0.71205621677474,0.0923669937610109,-0.741712566666667,-0.13,"No"
"484","MONO21_4",-0.705063735928607,-0.0369113855733381,-1.50679296666667,-0.19,"Yes"
"485","MONO21_4.5",-0.771303432635256,-0.013275821263281,-1.54729746666667,0.234999999999999,"Yes"
"486","MONO21_5",-0.621906065005824,-0.00221183654789585,-1.00363836666667,0.254444444444444,"Yes"
"487","MONO21_5.5",-0.574603504197147,0.0742828906946201,-0.221553466666667,-0.11,"Yes"
"488","MONO21_6",-0.577281108694588,0.0385579703519308,-0.0644832666666667,0.159999999999999,"Yes"
"489","MONO21_6.5",-0.567039221316771,-0.029432059819984,-0.652171066666667,-0.19,"Yes"
"490","MONO21_7",-0.642335154453092,0.0205224868476631,-0.669872466666667,0.576666666666666,"Yes"
"491","MONO21_7.5",-0.762225602200208,-0.0458352629272577,-1.42269746666667,0.343333333333333,"Yes"
"492","MONO21_8",-0.876429095099792,0.101140527918522,-1.21512366666667,-0.0172727272727276,"No"
"493","MONO21_8.5",-0.686142880819139,0.122848694668784,-1.05288466666667,-0.49,"No"
"494","MONO21_9",-0.587644922685551,0.166073338762645,-0.0775131666666666,-0.0650000000000004,"No"
"495","MONO21_9.5",-0.706666566967071,0.0967168709976534,-0.0431262666666666,-0.13,"No"
"496","SCOT20_0.5",-0.0595390002491613,-1.12633725368768,-1.45446087433823,0.846666666666667,"Yes"
"497","SCOT20_1",0.022731788787671,-0.927691180156957,-1.65271713216176,0.996666666666667,"Yes"
"498","SCOT20_1.5",0.0844833379458057,-0.848239985569161,-1.83173493833824,1.32166666666667,"Yes"
"499","SCOT20_10",0.393657086120012,0.0167876087744271,-0.0313738791617642,-0.0942424242424242,"No"
"500","SCOT20_10.5",0.462424462107887,-0.00318707328048995,0.0142255986617652,-0.0942424242424242,"No"
"501","SCOT20_11",0.504467696250932,0.0813674468769266,0.0330697518382355,-0.0942424242424242,"No"
"502","SCOT20_11.5",0.487575809613739,0.0569858391236188,0.0595786636617648,-0.0942424242424242,"No"
"503","SCOT20_12",0.409419991602355,0.14540913263152,0.0159893898382357,-0.0942424242424242,"No"
"504","SCOT20_12.5",0.481154311385394,0.160717311560658,-0.108637805338235,-0.0942424242424242,"No"
"505","SCOT20_13",0.348411926909086,0.0410084306051966,-0.111026053161765,-0.0942424242424242,"No"
"506","SCOT20_13.5",0.520719269513344,0.0916686930148886,-0.0833230953382351,-0.0942424242424242,"No"
"507","SCOT20_14",0.307432558594847,0.100642793471606,-0.178178077161765,-0.0942424242424242,"No"
"508","SCOT20_14.5",0.590648319357956,0.0918036170754739,-0.177885765338235,-0.0942424242424242,"No"
"509","SCOT20_15",0.408927845033893,0.158718737560827,-0.343373645161765,-0.0942424242424242,"No"
"510","SCOT20_15.5",0.440869493276861,-0.0205983866960463,-0.512872037338235,-0.0942424242424242,"No"
"511","SCOT20_16",0.667581340955399,0.0334041137876663,-0.538506852161765,-0.0942424242424242,"No"
"512","SCOT20_16.5",0.557795185408662,0.0315352024405796,-0.541151298338235,-0.0942424242424242,"No"
"513","SCOT20_17",0.659852365139249,0.0819037202285585,-0.619103763161764,-0.0942424242424242,"No"
"514","SCOT20_2",0.0996265298191541,-0.687694966706007,-1.65791212716176,1.09666666666667,"Yes"
"515","SCOT20_2.5",0.169440730543971,-0.678316161554995,-1.58138361933824,0.43952380952381,"Yes"
"516","SCOT20_3",0.174548945655939,-0.534267904957843,-1.41867184416176,0.263333333333333,"Yes"
"517","SCOT20_3.5",0.269009221657769,-0.475487531443251,-1.39085073933823,-0.223333333333333,"Yes"
"518","SCOT20_4",0.183847023189904,-0.338966023955003,-1.29765634216176,-0.703333333333333,"Yes"
"519","SCOT20_4.5",0.256805163819547,-0.279459476478608,-1.11545545833823,-0.692222222222222,"Yes"
"520","SCOT20_5",0.651402730143818,-0.222011457831623,-1.15882784416176,0.18,"Yes"
"521","SCOT20_5.5",0.398558404712871,-0.233017032101666,-0.967867026338235,0.0266666666666668,"Yes"
"522","SCOT20_6",0.432900430922194,-0.264815955095951,-0.843745740161765,-0.103333333333333,"Yes"
"523","SCOT20_6.5",0.462678268641529,-0.252073624060469,-0.470088580338235,-0.113333333333333,"No"
"524","SCOT20_7",0.296507054537341,-0.109744767447609,-0.321978975161764,-0.0956410256410256,"No"
"525","SCOT20_7.5",0.406462438691123,-0.0523089769497568,-0.0376927563382345,-0.13060606060606,"No"
"526","SCOT20_8",0.45116464867762,-0.000475764762240702,-0.0776914891617642,-0.0942424242424242,"No"
"527","SCOT20_8.5",0.536240868425441,0.0194815084331501,-0.0776937343382347,-0.0942424242424242,"No"
"528","SCOT20_9",0.497728802474175,-0.0301781424015057,-0.147118863161764,-0.0942424242424242,"No"
"529","SCOT20_9.5",0.456141840847991,-0.0618102646674194,-0.0715300193382351,-0.0942424242424242,"No"
"530","SKEL21_0.5",-0.325443649928763,-0.75107701774437,-2.3604706,2.20222222222222,"No"
"531","SKEL21_1",-0.191755970340207,-0.701537150538269,-2.1935708,1.80307692307692,"No"
"532","SKEL21_1.5",-0.0105365519170506,-0.397212109595208,-1.5174968,1.01076923076923,"No"
"533","SKEL21_10",-0.0327932116124433,0.273902615276081,-0.1587924,-0.21375,"No"
"534","SKEL21_10.5",0.199566522565914,0.443548856129403,-0.2230014,-0.21375,"No"
"535","SKEL21_11",0.0354048376698159,0.366787482434977,-0.3536754,-0.21375,"No"
"536","SKEL21_11.5",0.0742150777016679,0.36814845109422,-0.3436747,-0.21375,"No"
"537","SKEL21_12",-0.0406135596610514,0.266900048106686,-0.4782484,-0.21375,"No"
"538","SKEL21_12.5",0.144021824985495,0.40297693097097,-0.4533777,-0.21375,"No"
"539","SKEL21_13",0.0406504538604319,0.344620293859439,-0.6937214,-0.21375,"No"
"540","SKEL21_13.5",-0.0616587149261758,0.235100192406781,-0.6887405,-0.21375,"No"
"541","SKEL21_14",-0.110075946681142,0.346833673811005,-0.6857038,-0.21375,"No"
"542","SKEL21_14.5",-0.0888241118421096,0.292013014669814,-0.873241,-0.21375,"No"
"543","SKEL21_15",-0.133648388129784,0.270036348728643,-1.0184342,-0.21375,"No"
"544","SKEL21_16",-0.0158584355298572,0.277643348647035,-0.4592066,-0.21375,"No"
"545","SKEL21_18",-0.0364324069787806,0.410679415132098,-0.35598,-0.21375,"No"
"546","SKEL21_19",-0.0161353017334779,0.301766212428614,-0.3299228,-0.21375,"No"
"547","SKEL21_19.5",0.00531966535057106,0.368362654757337,-0.3281611,-0.21375,"No"
"548","SKEL21_2",0.143545543484605,-0.5876721145558,-1.227151,0.215294117647059,"No"
"549","SKEL21_2.5",-0.0527853780147403,0.111835588575528,-0.8403301,-0.0599999999999999,"No"
"550","SKEL21_20",0.0612875063725258,0.355849395936369,-0.2467402,-0.21375,"No"
"551","SKEL21_20.5",-0.0807530273856715,0.45176429446375,-0.3430966,-0.21375,"No"
"552","SKEL21_21",-0.067849003187087,0.59114192990361,-0.4331494,-0.21375,"No"
"553","SKEL21_21.5",-0.0486061837615245,0.432652498413924,-0.4207612,-0.21375,"No"
"554","SKEL21_22",-0.19768897915978,0.437346659311117,-0.3720152,-0.21375,"No"
"555","SKEL21_22.5",-0.0275921341296559,0.438825518995293,-0.2644363,-0.21375,"No"
"556","SKEL21_23",-0.251625770640163,0.367297732738391,-0.165562,-0.21375,"No"
"557","SKEL21_3.5",0.0208853840008136,0.444115948549477,-0.0574496,0.5,"Yes"
"558","SKEL21_4",0.00845760388922452,0.574639493709029,-0.1507972,1.16,"Yes"
"559","SKEL21_5.5",0.183934848366216,0.39662228696231,0.0662156,-0.21375,"No"
"560","SKEL21_6",0.156446837111481,0.610090907436853,0.1240378,-0.21375,"No"
"561","SKEL21_6.5",0.106745886056571,0.60647418742283,0.1110941,-0.21375,"No"
"562","SKEL21_7",0.0589139567528963,0.461713664464354,0.107048,-0.21375,"No"
"563","SKEL21_7.5",0.263504362410535,0.525373919723044,0.0991265000000001,-0.21375,"No"
"564","SKEL21_8",-0.0765223111487402,0.375598372038048,0.1030504,-0.21375,"No"
"565","SKEL21_9",0.130136718258736,0.548622555174239,-0.1098218,-0.21375,"No"
"566","SKEL21_9.5",-0.00974736083276133,0.42782215944341,-0.1302525,-0.21375,"No"
"567","SOLD21_10",0.651135696401199,-0.479058182311529,-0.174646277777778,0,"Yes"
"568","SOLD21_10.5",0.920322329918192,0.132669675491695,0.611635322222222,-0.0833333333333334,"No"
"569","SOLD21_11",1.25145956776207,0.102677269404862,0.660186322222222,0.616666666666667,"No"
"570","SOLD21_11.5",0.875037192605333,0.0642042181234624,0.679342922222222,0.866666666666667,"No"
"571","SOLD21_12",1.08945170510767,0.215094087347756,0.784459122222222,1.12666666666667,"No"
"572","SOLD21_12.5",1.10439015613349,0.183452474529604,1.02086802222222,0.946666666666667,"No"
"573","SOLD21_14",1.08215471333057,-0.0148987161822643,1.01596732222222,-0.308333333333333,"No"
"574","SOLD21_15",0.220290429106855,0.107090952161814,0.921760522222222,-0.308333333333333,"No"
"575","SOLD21_16.5",0.510792597609079,-0.092469750954067,1.08359712222222,-0.308333333333333,"No"
"576","SOLD21_17",0.347329078791378,-0.0426042713116381,1.05805972222222,-0.308333333333333,"No"
"577","SOLD21_18",0.552120596737225,-0.170318335892032,0.851606522222222,-0.308333333333333,"No"
"578","SOLD21_2",-0.432639746581315,-0.985230399368295,NA,2.46666666666667,"No"
"579","SOLD21_2.5",-0.44420782019626,-1.0328694059919,-3.84670707777778,2.03333333333333,"No"
"580","SOLD21_23.5",0.555696766234354,-0.439783386958365,0.725145122222222,-0.308333333333333,"No"
"581","SOLD21_27",0.397247690099584,-0.440326551054149,-0.487764477777778,-0.308333333333333,"No"
"582","SOLD21_3",-0.328492353476281,-0.933066545013436,-3.01387887777778,2.36666666666667,"No"
"583","SOLD21_3.5",0.285462918233889,-0.925476351186517,-4.50526697777778,2.26666666666667,"No"
"584","SOLD21_4",0.384152404690153,-0.751137036658786,-3.27545307777778,1.53333333333333,"No"
"585","SOLD21_4.5",0.393499109616771,-0.58446165622335,-2.36252057777778,1.49166666666667,"No"
"586","SOLD21_5",0.518308302175547,-0.436674339950704,-1.42639407777778,1.13333333333333,"No"
"587","SOLD21_5.5",0.36510857494293,-0.40860981771523,-0.917759877777778,0.826666666666667,"No"
"588","SOLD21_6",0.426100319430028,-0.384218415313195,-0.996450277777778,0.766666666666667,"No"
"589","SOLD21_6.5",0.463662953016592,-0.455954611315476,-1.18062467777778,0.586666666666667,"No"
"590","SOLD21_7",0.552782852602838,-0.356276123145517,-1.10769447777778,0.266666666666667,"No"
"591","SOLD21_7.5",0.628229626490738,-0.270150996649094,-0.725589777777778,-0.0619047619047619,"No"
"592","SOLD21_8",0.613742170100025,-0.257511759674449,-0.587552677777778,-0.1,"No"
"593","SOLD21_8.5",0.658950709041322,-0.327780299303109,-0.240683877777778,-0.283333333333333,"No"
"594","SOLD21_9",0.646007898008606,-0.344371611790119,-0.214734277777778,-0.233333333333333,"No"
"595","SOLD21_9.5",0.522379928558919,-0.228359467462106,0.00824112222222229,0.366666666666667,"No"
